image,modality,split
cell_00001.bmp,Brightfield,train
cell_00002.bmp,Brightfield,train
cell_00003.bmp,Brightfield,train
cell_00004.bmp,Brightfield,train
cell_00005.bmp,Brightfield,train
cell_00006.bmp,Brightfield,train
cell_00007.bmp,Brightfield,train
cell_00008.bmp,Brightfield,train
cell_00009.bmp,Brightfield,train
cell_00010.bmp,Brightfield,train
cell_00011.bmp,Brightfield,train
cell_00012.bmp,Brightfield,train
cell_00013.png,Brightfield,train
cell_00014.png,Brightfield,train
cell_00015.bmp,Brightfield,train
cell_00016.bmp,Brightfield,train
cell_00017.bmp,Brightfield,train
cell_00018.bmp,Brightfield,train
cell_00019.bmp,Brightfield,train
cell_00020.bmp,Brightfield,train
cell_00021.bmp,Brightfield,train
cell_00022.bmp,Brightfield,train
cell_00023.bmp,Brightfield,train
cell_00024.bmp,Brightfield,train
cell_00025.bmp,Brightfield,train
cell_00026.bmp,Brightfield,train
cell_00027.bmp,Brightfield,train
cell_00028.bmp,Brightfield,train
cell_00029.bmp,Brightfield,train
cell_00030.bmp,Brightfield,train
cell_00031.bmp,Brightfield,train
cell_00032.bmp,Brightfield,train
cell_00033.bmp,Brightfield,train
cell_00034.bmp,Brightfield,train
cell_00035.bmp,Brightfield,train
cell_00036.bmp,Brightfield,train
cell_00037.bmp,Brightfield,train
cell_00038.bmp,Brightfield,train
cell_00039.bmp,Brightfield,train
cell_00040.bmp,Brightfield,train
cell_00041.bmp,Brightfield,train
cell_00042.bmp,Brightfield,train
cell_00043.bmp,Brightfield,train
cell_00044.bmp,Brightfield,train
cell_00045.bmp,Brightfield,train
cell_00046.bmp,Brightfield,train
cell_00047.bmp,Brightfield,train
cell_00048.bmp,Brightfield,train
cell_00049.bmp,Brightfield,train
cell_00050.bmp,Brightfield,train
cell_00051.bmp,Brightfield,train
cell_00052.bmp,Brightfield,train
cell_00053.bmp,Brightfield,train
cell_00054.bmp,Brightfield,train
cell_00055.bmp,Brightfield,train
cell_00056.bmp,Brightfield,train
cell_00057.bmp,Brightfield,train
cell_00058.bmp,Brightfield,train
cell_00059.bmp,Brightfield,train
cell_00060.bmp,Brightfield,train
cell_00061.bmp,Brightfield,train
cell_00062.bmp,Brightfield,train
cell_00063.bmp,Brightfield,train
cell_00064.bmp,Brightfield,train
cell_00065.bmp,Brightfield,train
cell_00066.bmp,Brightfield,train
cell_00067.bmp,Brightfield,train
cell_00068.bmp,Brightfield,train
cell_00069.bmp,Brightfield,train
cell_00070.bmp,Brightfield,train
cell_00071.bmp,Brightfield,train
cell_00072.bmp,Brightfield,train
cell_00073.bmp,Brightfield,train
cell_00074.bmp,Brightfield,train
cell_00075.bmp,Brightfield,train
cell_00076.bmp,Brightfield,train
cell_00077.bmp,Brightfield,train
cell_00078.bmp,Brightfield,train
cell_00079.bmp,Brightfield,train
cell_00080.bmp,Brightfield,train
cell_00081.bmp,Brightfield,train
cell_00082.bmp,Brightfield,train
cell_00083.bmp,Brightfield,train
cell_00084.bmp,Brightfield,train
cell_00085.bmp,Brightfield,train
cell_00086.bmp,Brightfield,train
cell_00087.bmp,Brightfield,train
cell_00088.bmp,Brightfield,train
cell_00089.bmp,Brightfield,train
cell_00090.bmp,Brightfield,train
cell_00091.bmp,Brightfield,train
cell_00092.bmp,Brightfield,train
cell_00093.bmp,Brightfield,train
cell_00094.bmp,Brightfield,train
cell_00095.bmp,Brightfield,train
cell_00096.bmp,Brightfield,train
cell_00097.bmp,Brightfield,train
cell_00098.bmp,Brightfield,train
cell_00099.bmp,Brightfield,train
cell_00100.bmp,Brightfield,train
cell_00101.bmp,Brightfield,train
cell_00102.bmp,Brightfield,train
cell_00103.bmp,Brightfield,train
cell_00104.bmp,Brightfield,train
cell_00105.bmp,Brightfield,train
cell_00106.bmp,Brightfield,train
cell_00107.bmp,Brightfield,train
cell_00108.bmp,Brightfield,train
cell_00109.bmp,Brightfield,train
cell_00110.bmp,Brightfield,train
cell_00111.bmp,Brightfield,train
cell_00112.bmp,Brightfield,train
cell_00113.bmp,Brightfield,train
cell_00114.bmp,Brightfield,train
cell_00115.bmp,Brightfield,train
cell_00116.bmp,Brightfield,train
cell_00117.bmp,Brightfield,train
cell_00118.bmp,Brightfield,train
cell_00119.bmp,Brightfield,train
cell_00120.bmp,Brightfield,train
cell_00121.bmp,Brightfield,train
cell_00122.bmp,Brightfield,train
cell_00123.bmp,Brightfield,train
cell_00124.bmp,Brightfield,train
cell_00125.bmp,Brightfield,train
cell_00126.bmp,Brightfield,train
cell_00127.bmp,Brightfield,train
cell_00128.bmp,Brightfield,train
cell_00129.bmp,Brightfield,train
cell_00130.bmp,Brightfield,train
cell_00131.bmp,Brightfield,train
cell_00132.bmp,Brightfield,train
cell_00133.bmp,Brightfield,train
cell_00134.bmp,Brightfield,train
cell_00135.bmp,Brightfield,train
cell_00136.bmp,Brightfield,train
cell_00137.bmp,Brightfield,train
cell_00138.bmp,Brightfield,train
cell_00139.bmp,Brightfield,train
cell_00140.bmp,Brightfield,train
cell_00141.bmp,Brightfield,train
cell_00142.tif,PC,train
cell_00143.tif,PC,train
cell_00144.tif,PC,train
cell_00145.png,Brightfield,train
cell_00146.png,Brightfield,train
cell_00147.png,Brightfield,train
cell_00148.png,Brightfield,train
cell_00149.png,Brightfield,train
cell_00150.png,Brightfield,train
cell_00151.png,Brightfield,train
cell_00152.png,Brightfield,train
cell_00153.png,Brightfield,train
cell_00154.png,Brightfield,train
cell_00155.png,Brightfield,train
cell_00156.png,Brightfield,train
cell_00157.png,Brightfield,train
cell_00158.png,Brightfield,train
cell_00159.png,Brightfield,train
cell_00160.png,Brightfield,train
cell_00161.png,Brightfield,train
cell_00162.png,Brightfield,train
cell_00163.png,Brightfield,train
cell_00164.png,Brightfield,train
cell_00165.png,Brightfield,train
cell_00166.png,Brightfield,train
cell_00167.png,Brightfield,train
cell_00168.png,Brightfield,train
cell_00169.png,Brightfield,train
cell_00170.png,Brightfield,train
cell_00171.png,Brightfield,train
cell_00172.png,Brightfield,train
cell_00173.png,Brightfield,train
cell_00174.png,Brightfield,train
cell_00175.png,Brightfield,train
cell_00176.png,Brightfield,train
cell_00177.png,Brightfield,train
cell_00178.png,Brightfield,train
cell_00179.png,Brightfield,train
cell_00180.png,Brightfield,train
cell_00181.png,Brightfield,train
cell_00182.png,Brightfield,train
cell_00183.png,Brightfield,train
cell_00184.png,Brightfield,train
cell_00185.png,Brightfield,train
cell_00186.png,Brightfield,train
cell_00187.png,Brightfield,train
cell_00188.png,Brightfield,train
cell_00189.png,Brightfield,train
cell_00190.png,Brightfield,train
cell_00191.png,Brightfield,train
cell_00192.png,Brightfield,train
cell_00193.png,Brightfield,train
cell_00194.png,Brightfield,train
cell_00195.png,Brightfield,train
cell_00196.png,Brightfield,train
cell_00197.png,Brightfield,train
cell_00198.png,Brightfield,train
cell_00199.png,Brightfield,train
cell_00200.png,Brightfield,train
cell_00201.png,Brightfield,train
cell_00202.png,Brightfield,train
cell_00203.png,Brightfield,train
cell_00204.png,Brightfield,train
cell_00205.png,Brightfield,train
cell_00206.png,Brightfield,train
cell_00207.png,Brightfield,train
cell_00208.png,Brightfield,train
cell_00209.png,Brightfield,train
cell_00210.png,Brightfield,train
cell_00211.png,Brightfield,train
cell_00212.png,Brightfield,train
cell_00213.png,Brightfield,train
cell_00214.png,Brightfield,train
cell_00215.png,Brightfield,train
cell_00216.png,Brightfield,train
cell_00217.png,Brightfield,train
cell_00218.png,Brightfield,train
cell_00219.png,Brightfield,train
cell_00220.png,Brightfield,train
cell_00221.png,Brightfield,train
cell_00222.png,Brightfield,train
cell_00223.png,Brightfield,train
cell_00224.png,Brightfield,train
cell_00225.png,Brightfield,train
cell_00226.png,Brightfield,train
cell_00227.png,Brightfield,train
cell_00228.png,Brightfield,train
cell_00229.png,Brightfield,train
cell_00230.png,Brightfield,train
cell_00231.tif,Brightfield,train
cell_00232.tif,Brightfield,train
cell_00233.tif,Brightfield,train
cell_00234.tif,Brightfield,train
cell_00235.tif,Brightfield,train
cell_00236.tif,Brightfield,train
cell_00237.tif,Brightfield,train
cell_00238.tif,Brightfield,train
cell_00239.tif,Brightfield,train
cell_00240.tif,Brightfield,train
cell_00241.tif,Brightfield,train
cell_00242.tif,Brightfield,train
cell_00243.tif,Brightfield,train
cell_00244.tif,Brightfield,train
cell_00245.tif,Brightfield,train
cell_00246.tif,Brightfield,train
cell_00247.tif,Brightfield,train
cell_00248.tif,Brightfield,train
cell_00249.tif,Brightfield,train
cell_00250.tif,Brightfield,train
cell_00251.tif,Brightfield,train
cell_00252.tif,Brightfield,train
cell_00253.tif,Brightfield,train
cell_00254.tif,Brightfield,train
cell_00255.tif,Brightfield,train
cell_00256.tif,Brightfield,train
cell_00257.tif,Brightfield,train
cell_00258.tif,Brightfield,train
cell_00259.tif,Brightfield,train
cell_00260.tif,Brightfield,train
cell_00261.tif,Brightfield,train
cell_00262.tif,Brightfield,train
cell_00263.tif,Brightfield,train
cell_00264.tif,Brightfield,train
cell_00265.tif,Brightfield,train
cell_00266.tif,Brightfield,train
cell_00267.tif,Brightfield,train
cell_00268.tif,Brightfield,train
cell_00269.tif,Brightfield,train
cell_00270.tif,Brightfield,train
cell_00271.tif,Brightfield,train
cell_00272.tif,Brightfield,train
cell_00273.tif,Brightfield,train
cell_00274.tif,Brightfield,train
cell_00275.tif,Brightfield,train
cell_00276.tif,Brightfield,train
cell_00277.tif,Brightfield,train
cell_00278.tif,Brightfield,train
cell_00279.tif,Brightfield,train
cell_00280.tif,Brightfield,train
cell_00281.tif,Brightfield,train
cell_00282.tif,Brightfield,train
cell_00283.tif,Brightfield,train
cell_00284.tif,Brightfield,train
cell_00285.tif,Brightfield,train
cell_00286.tif,Brightfield,train
cell_00287.tif,Brightfield,train
cell_00288.tif,Brightfield,train
cell_00289.tif,Brightfield,train
cell_00290.tif,Brightfield,train
cell_00291.tif,Brightfield,train
cell_00292.tif,Brightfield,train
cell_00293.tif,Brightfield,train
cell_00294.tif,Brightfield,train
cell_00295.tif,Brightfield,train
cell_00296.tif,Brightfield,train
cell_00297.tif,Brightfield,train
cell_00298.tif,Brightfield,train
cell_00299.tif,Brightfield,train
cell_00300.tif,Brightfield,train
cell_00301.tiff,DIC,train
cell_00302.tiff,DIC,train
cell_00303.tiff,DIC,train
cell_00304.tiff,DIC,train
cell_00305.tiff,DIC,train
cell_00306.tiff,DIC,train
cell_00307.tiff,DIC,train
cell_00308.tiff,DIC,train
cell_00309.tiff,DIC,train
cell_00310.tiff,DIC,train
cell_00311.tiff,DIC,train
cell_00312.tiff,DIC,train
cell_00313.tiff,DIC,train
cell_00314.tiff,DIC,train
cell_00315.tiff,DIC,train
cell_00316.tiff,DIC,train
cell_00317.tif,DIC,train
cell_00318.tif,DIC,train
cell_00319.tif,DIC,train
cell_00320.tif,DIC,train
cell_00321.tif,DIC,train
cell_00322.tif,DIC,train
cell_00323.tif,DIC,train
cell_00324.tif,DIC,train
cell_00325.tif,DIC,train
cell_00326.tif,DIC,train
cell_00327.tif,DIC,train
cell_00328.tif,DIC,train
cell_00329.tif,DIC,train
cell_00330.tif,DIC,train
cell_00331.tif,DIC,train
cell_00332.tif,DIC,train
cell_00333.tif,DIC,train
cell_00334.tif,DIC,train
cell_00335.tif,DIC,train
cell_00336.tif,DIC,train
cell_00337.tif,DIC,train
cell_00338.tif,DIC,train
cell_00339.tif,DIC,train
cell_00340.tif,DIC,train
cell_00341.tif,DIC,train
cell_00342.tif,DIC,train
cell_00343.tif,DIC,train
cell_00344.tif,DIC,train
cell_00345.tif,DIC,train
cell_00346.tif,DIC,train
cell_00347.tif,DIC,train
cell_00348.tif,DIC,train
cell_00349.tif,DIC,train
cell_00350.tif,DIC,train
cell_00351.tif,DIC,train
cell_00352.tif,DIC,train
cell_00353.tif,DIC,train
cell_00354.tif,DIC,train
cell_00355.tif,DIC,train
cell_00356.tif,DIC,train
cell_00357.tif,DIC,train
cell_00358.tif,DIC,train
cell_00359.tif,DIC,train
cell_00360.tif,DIC,train
cell_00361.tif,DIC,train
cell_00362.tif,DIC,train
cell_00363.tif,DIC,train
cell_00364.tif,DIC,train
cell_00365.tif,DIC,train
cell_00366.tif,DIC,train
cell_00367.tif,DIC,train
cell_00368.tif,DIC,train
cell_00369.tif,DIC,train
cell_00370.tif,DIC,train
cell_00371.tif,DIC,train
cell_00372.tif,DIC,train
cell_00373.tif,DIC,train
cell_00374.tif,DIC,train
cell_00375.tif,DIC,train
cell_00376.tif,DIC,train
cell_00377.tif,DIC,train
cell_00378.tif,DIC,train
cell_00379.tif,DIC,train
cell_00380.tif,DIC,train
cell_00381.tif,DIC,train
cell_00382.tif,DIC,train
cell_00383.tif,DIC,train
cell_00384.tif,DIC,train
cell_00385.tif,DIC,train
cell_00386.tif,DIC,train
cell_00387.tif,DIC,train
cell_00388.tif,DIC,train
cell_00389.tif,DIC,train
cell_00390.tif,DIC,train
cell_00391.tif,DIC,train
cell_00392.tif,DIC,train
cell_00393.tif,DIC,train
cell_00394.tif,DIC,train
cell_00395.tif,DIC,train
cell_00396.tif,DIC,train
cell_00397.tif,DIC,train
cell_00398.tif,DIC,train
cell_00399.tif,DIC,train
cell_00400.tif,DIC,train
cell_00401.tif,DIC,train
cell_00402.tif,DIC,train
cell_00403.tif,DIC,train
cell_00404.tif,DIC,train
cell_00405.tif,DIC,train
cell_00406.tif,DIC,train
cell_00407.tif,DIC,train
cell_00408.tif,DIC,train
cell_00409.tif,DIC,train
cell_00410.tif,DIC,train
cell_00411.tif,DIC,train
cell_00412.tif,DIC,train
cell_00413.tif,DIC,train
cell_00414.tif,DIC,train
cell_00415.tif,DIC,train
cell_00416.tif,DIC,train
cell_00417.tif,DIC,train
cell_00418.tif,DIC,train
cell_00419.tif,DIC,train
cell_00420.tif,DIC,train
cell_00421.tif,DIC,train
cell_00422.tif,DIC,train
cell_00423.tif,DIC,train
cell_00424.tif,DIC,train
cell_00425.tif,DIC,train
cell_00426.tif,DIC,train
cell_00427.tif,DIC,train
cell_00428.tif,DIC,train
cell_00429.tif,DIC,train
cell_00430.tif,DIC,train
cell_00431.tif,DIC,train
cell_00432.tif,DIC,train
cell_00433.tif,DIC,train
cell_00434.tif,DIC,train
cell_00435.tif,DIC,train
cell_00436.tif,DIC,train
cell_00437.tif,DIC,train
cell_00438.tif,DIC,train
cell_00439.tif,DIC,train
cell_00440.tif,DIC,train
cell_00441.tif,DIC,train
cell_00442.tif,DIC,train
cell_00443.tif,DIC,train
cell_00444.tif,DIC,train
cell_00445.tif,DIC,train
cell_00446.tif,DIC,train
cell_00447.tif,DIC,train
cell_00448.tif,DIC,train
cell_00449.tif,DIC,train
cell_00450.tif,DIC,train
cell_00451.tif,DIC,train
cell_00452.tif,DIC,train
cell_00453.tif,DIC,train
cell_00454.tif,DIC,train
cell_00455.tif,DIC,train
cell_00456.tif,DIC,train
cell_00457.tif,DIC,train
cell_00458.tif,DIC,train
cell_00459.tif,DIC,train
cell_00460.tif,DIC,train
cell_00461.tif,DIC,train
cell_00462.tif,DIC,train
cell_00463.tif,DIC,train
cell_00464.tif,DIC,train
cell_00465.tif,DIC,train
cell_00466.tif,DIC,train
cell_00467.tif,DIC,train
cell_00468.tif,DIC,train
cell_00469.tif,DIC,train
cell_00470.tif,DIC,train
cell_00471.tif,DIC,train
cell_00472.tif,DIC,train
cell_00473.tif,DIC,train
cell_00474.tif,DIC,train
cell_00475.tif,DIC,train
cell_00476.tif,DIC,train
cell_00477.tif,DIC,train
cell_00478.tif,DIC,train
cell_00479.tif,DIC,train
cell_00480.tif,DIC,train
cell_00481.tif,DIC,train
cell_00482.tif,DIC,train
cell_00483.tif,DIC,train
cell_00484.tif,DIC,train
cell_00485.tif,DIC,train
cell_00486.tif,DIC,train
cell_00487.tif,DIC,train
cell_00488.tif,DIC,train
cell_00489.tif,DIC,train
cell_00490.tif,DIC,train
cell_00491.tif,DIC,train
cell_00492.tif,DIC,train
cell_00493.tif,DIC,train
cell_00494.tif,DIC,train
cell_00495.tif,DIC,train
cell_00496.tif,DIC,train
cell_00497.tif,DIC,train
cell_00498.tif,DIC,train
cell_00499.tif,DIC,train
cell_00500.tif,DIC,train
cell_00501.tif,PC,train
cell_00502.tif,PC,train
cell_00503.tif,PC,train
cell_00504.tif,PC,train
cell_00505.tif,PC,train
cell_00506.tif,PC,train
cell_00507.tif,PC,train
cell_00508.tif,PC,train
cell_00509.tif,PC,train
cell_00510.tif,PC,train
cell_00511.tif,PC,train
cell_00512.tif,PC,train
cell_00513.tif,PC,train
cell_00514.tif,PC,train
cell_00515.tif,PC,train
cell_00516.tif,PC,train
cell_00517.tif,PC,train
cell_00518.tif,PC,train
cell_00519.tif,PC,train
cell_00520.tif,PC,train
cell_00521.tif,PC,train
cell_00522.tif,PC,train
cell_00523.tif,PC,train
cell_00524.tif,PC,train
cell_00525.tif,PC,train
cell_00526.tif,PC,train
cell_00527.tif,PC,train
cell_00528.tif,PC,train
cell_00529.tif,PC,train
cell_00530.tif,PC,train
cell_00531.tif,PC,train
cell_00532.tif,PC,train
cell_00533.tif,PC,train
cell_00534.tif,PC,train
cell_00535.tif,PC,train
cell_00536.tif,PC,train
cell_00537.tif,PC,train
cell_00538.tif,PC,train
cell_00539.tif,PC,train
cell_00540.tif,PC,train
cell_00541.tif,PC,train
cell_00542.tif,PC,train
cell_00543.tif,PC,train
cell_00544.tif,PC,train
cell_00545.tif,PC,train
cell_00546.tif,PC,train
cell_00547.tif,PC,train
cell_00548.tif,PC,train
cell_00549.tiff,PC,train
cell_00550.tiff,PC,train
cell_00551.tiff,PC,train
cell_00552.tiff,PC,train
cell_00553.tiff,PC,train
cell_00554.tiff,PC,train
cell_00555.tiff,PC,train
cell_00556.tiff,PC,train
cell_00557.tiff,PC,train
cell_00558.tiff,PC,train
cell_00559.tif,PC,train
cell_00560.tif,PC,train
cell_00561.tif,PC,train
cell_00562.tif,PC,train
cell_00563.tif,PC,train
cell_00564.tif,PC,train
cell_00565.tif,PC,train
cell_00566.tif,PC,train
cell_00567.tif,PC,train
cell_00568.tif,PC,train
cell_00569.tif,PC,train
cell_00570.tif,PC,train
cell_00571.tif,PC,train
cell_00572.tif,PC,train
cell_00573.tif,PC,train
cell_00574.tif,PC,train
cell_00575.tif,PC,train
cell_00576.tif,PC,train
cell_00577.tif,PC,train
cell_00578.tif,PC,train
cell_00579.tif,PC,train
cell_00580.tif,PC,train
cell_00581.tif,PC,train
cell_00582.tif,PC,train
cell_00583.tif,PC,train
cell_00584.tif,PC,train
cell_00585.tif,PC,train
cell_00586.tif,PC,train
cell_00587.tif,PC,train
cell_00588.tif,PC,train
cell_00589.tif,PC,train
cell_00590.tif,PC,train
cell_00591.tif,PC,train
cell_00592.tif,PC,train
cell_00593.tif,PC,train
cell_00594.tif,PC,train
cell_00595.tif,PC,train
cell_00596.tif,PC,train
cell_00597.tif,PC,train
cell_00598.tif,PC,train
cell_00599.tif,PC,train
cell_00600.tif,PC,train
cell_00601.tif,PC,train
cell_00602.tif,PC,train
cell_00603.tif,PC,train
cell_00604.tif,PC,train
cell_00605.tif,PC,train
cell_00606.tif,PC,train
cell_00607.tif,PC,train
cell_00608.tif,PC,train
cell_00609.tif,PC,train
cell_00610.tif,PC,train
cell_00611.tif,PC,train
cell_00612.tif,PC,train
cell_00613.tif,PC,train
cell_00614.tif,PC,train
cell_00615.tif,PC,train
cell_00616.tif,PC,train
cell_00617.tif,PC,train
cell_00618.tif,PC,train
cell_00619.tif,PC,train
cell_00620.tif,PC,train
cell_00621.tif,PC,train
cell_00622.tif,PC,train
cell_00623.tif,PC,train
cell_00624.tif,PC,train
cell_00625.tif,PC,train
cell_00626.tif,PC,train
cell_00627.tif,PC,train
cell_00628.tif,PC,train
cell_00629.tif,PC,train
cell_00630.tif,PC,train
cell_00631.tif,PC,train
cell_00632.tif,PC,train
cell_00633.tif,PC,train
cell_00634.tif,PC,train
cell_00635.tif,PC,train
cell_00636.tif,PC,train
cell_00637.tif,PC,train
cell_00638.tif,PC,train
cell_00639.tif,PC,train
cell_00640.tif,PC,train
cell_00641.tif,PC,train
cell_00642.tif,PC,train
cell_00643.tif,PC,train
cell_00644.tif,PC,train
cell_00645.tif,PC,train
cell_00646.tif,PC,train
cell_00647.tif,PC,train
cell_00648.tif,PC,train
cell_00649.tif,PC,train
cell_00650.tif,PC,train
cell_00651.tif,PC,train
cell_00652.tif,PC,train
cell_00653.tif,PC,train
cell_00654.tif,PC,train
cell_00655.tif,PC,train
cell_00656.tif,PC,train
cell_00657.tif,PC,train
cell_00658.tif,PC,train
cell_00659.tif,PC,train
cell_00660.tif,PC,train
cell_00661.tif,PC,train
cell_00662.tif,PC,train
cell_00663.tif,PC,train
cell_00664.tif,PC,train
cell_00665.tif,PC,train
cell_00666.tif,PC,train
cell_00667.tif,PC,train
cell_00668.tif,PC,train
cell_00669.tif,PC,train
cell_00670.tif,PC,train
cell_00671.tif,PC,train
cell_00672.tif,PC,train
cell_00673.tif,PC,train
cell_00674.tif,PC,train
cell_00675.tif,PC,train
cell_00676.tif,PC,train
cell_00677.tif,PC,train
cell_00678.tif,PC,train
cell_00679.tif,PC,train
cell_00680.tif,PC,train
cell_00681.tif,PC,train
cell_00682.tif,PC,train
cell_00683.tif,PC,train
cell_00684.tif,PC,train
cell_00685.tif,PC,train
cell_00686.tif,PC,train
cell_00687.tif,PC,train
cell_00688.tif,PC,train
cell_00689.tif,PC,train
cell_00690.tif,PC,train
cell_00691.tif,PC,train
cell_00692.tif,PC,train
cell_00693.tif,PC,train
cell_00694.tif,PC,train
cell_00695.tif,PC,train
cell_00696.tif,PC,train
cell_00697.tif,PC,train
cell_00698.tif,PC,train
cell_00699.tif,PC,train
cell_00700.tif,PC,train
cell_00701.tiff,Fluorescent,train
cell_00702.tiff,Fluorescent,train
cell_00703.tiff,Fluorescent,train
cell_00704.tiff,Fluorescent,train
cell_00705.tiff,Fluorescent,train
cell_00706.tiff,Fluorescent,train
cell_00707.tiff,Fluorescent,train
cell_00708.tiff,Fluorescent,train
cell_00709.tiff,Fluorescent,train
cell_00710.tiff,Fluorescent,train
cell_00711.tiff,Fluorescent,train
cell_00712.tiff,Fluorescent,train
cell_00713.tiff,Fluorescent,train
cell_00714.tiff,Fluorescent,train
cell_00715.tiff,Fluorescent,train
cell_00716.tiff,Fluorescent,train
cell_00717.tiff,Fluorescent,train
cell_00718.tiff,Fluorescent,train
cell_00719.png,Fluorescent,train
cell_00720.png,Fluorescent,train
cell_00721.png,Fluorescent,train
cell_00722.png,Fluorescent,train
cell_00723.png,Fluorescent,train
cell_00724.png,Fluorescent,train
cell_00725.png,Fluorescent,train
cell_00726.png,Fluorescent,train
cell_00727.png,Fluorescent,train
cell_00728.png,Fluorescent,train
cell_00729.png,Fluorescent,train
cell_00730.png,Fluorescent,train
cell_00731.png,Fluorescent,train
cell_00732.png,Fluorescent,train
cell_00733.png,Fluorescent,train
cell_00734.png,Fluorescent,train
cell_00735.png,Fluorescent,train
cell_00736.png,Fluorescent,train
cell_00737.png,Fluorescent,train
cell_00738.png,Fluorescent,train
cell_00739.png,Fluorescent,train
cell_00740.png,Fluorescent,train
cell_00741.png,Fluorescent,train
cell_00742.png,Fluorescent,train
cell_00743.png,Fluorescent,train
cell_00744.png,Fluorescent,train
cell_00745.png,Fluorescent,train
cell_00746.png,Fluorescent,train
cell_00747.png,Fluorescent,train
cell_00748.png,Fluorescent,train
cell_00749.png,Fluorescent,train
cell_00750.png,Fluorescent,train
cell_00751.png,Fluorescent,train
cell_00752.png,Fluorescent,train
cell_00753.png,Fluorescent,train
cell_00754.png,Fluorescent,train
cell_00755.png,Fluorescent,train
cell_00756.png,Fluorescent,train
cell_00757.png,Fluorescent,train
cell_00758.png,Fluorescent,train
cell_00759.png,Fluorescent,train
cell_00760.png,Fluorescent,train
cell_00761.png,Fluorescent,train
cell_00762.png,Fluorescent,train
cell_00763.png,Fluorescent,train
cell_00764.png,Fluorescent,train
cell_00765.png,Fluorescent,train
cell_00766.png,Fluorescent,train
cell_00767.png,Fluorescent,train
cell_00768.png,Fluorescent,train
cell_00769.png,Fluorescent,train
cell_00770.png,Fluorescent,train
cell_00771.png,Fluorescent,train
cell_00772.png,Fluorescent,train
cell_00773.png,Fluorescent,train
cell_00774.png,Fluorescent,train
cell_00775.png,Fluorescent,train
cell_00776.png,Fluorescent,train
cell_00777.png,Fluorescent,train
cell_00778.png,Fluorescent,train
cell_00779.png,Fluorescent,train
cell_00780.png,Fluorescent,train
cell_00781.png,Fluorescent,train
cell_00782.png,Fluorescent,train
cell_00783.png,Fluorescent,train
cell_00784.png,Fluorescent,train
cell_00785.png,Fluorescent,train
cell_00786.png,Fluorescent,train
cell_00787.png,Fluorescent,train
cell_00788.png,Fluorescent,train
cell_00789.png,Fluorescent,train
cell_00790.png,Fluorescent,train
cell_00791.png,Fluorescent,train
cell_00792.png,Fluorescent,train
cell_00793.png,Fluorescent,train
cell_00794.png,Fluorescent,train
cell_00795.png,Fluorescent,train
cell_00796.png,Fluorescent,train
cell_00797.png,Fluorescent,train
cell_00798.png,Fluorescent,train
cell_00799.png,Fluorescent,train
cell_00800.png,Fluorescent,train
cell_00801.png,Fluorescent,train
cell_00802.png,Fluorescent,train
cell_00803.png,Fluorescent,train
cell_00804.png,Fluorescent,train
cell_00805.png,Fluorescent,train
cell_00806.png,Fluorescent,train
cell_00807.png,Fluorescent,train
cell_00808.png,Fluorescent,train
cell_00809.png,Fluorescent,train
cell_00810.png,Fluorescent,train
cell_00811.png,Fluorescent,train
cell_00812.png,Fluorescent,train
cell_00813.png,Fluorescent,train
cell_00814.png,Fluorescent,train
cell_00815.png,Fluorescent,train
cell_00816.png,Fluorescent,train
cell_00817.png,Fluorescent,train
cell_00818.png,Fluorescent,train
cell_00819.png,Fluorescent,train
cell_00820.png,Fluorescent,train
cell_00821.png,Fluorescent,train
cell_00822.png,Fluorescent,train
cell_00823.png,Fluorescent,train
cell_00824.png,Fluorescent,train
cell_00825.png,Fluorescent,train
cell_00826.png,Fluorescent,train
cell_00827.png,Fluorescent,train
cell_00828.png,Fluorescent,train
cell_00829.png,Fluorescent,train
cell_00830.png,Fluorescent,train
cell_00831.png,Fluorescent,train
cell_00832.png,Fluorescent,train
cell_00833.png,Fluorescent,train
cell_00834.png,Fluorescent,train
cell_00835.png,Fluorescent,train
cell_00836.png,Fluorescent,train
cell_00837.png,Fluorescent,train
cell_00838.png,Fluorescent,train
cell_00839.png,Fluorescent,train
cell_00840.png,Fluorescent,train
cell_00841.png,Fluorescent,train
cell_00842.png,Fluorescent,train
cell_00843.png,Fluorescent,train
cell_00844.png,Fluorescent,train
cell_00845.png,Fluorescent,train
cell_00846.png,Fluorescent,train
cell_00847.png,Fluorescent,train
cell_00848.png,Fluorescent,train
cell_00849.png,Fluorescent,train
cell_00850.png,Fluorescent,train
cell_00851.png,Fluorescent,train
cell_00852.png,Fluorescent,train
cell_00853.png,Fluorescent,train
cell_00854.png,Fluorescent,train
cell_00855.png,Fluorescent,train
cell_00856.png,Fluorescent,train
cell_00857.png,Fluorescent,train
cell_00858.png,Fluorescent,train
cell_00859.png,Fluorescent,train
cell_00860.png,Fluorescent,train
cell_00861.png,Fluorescent,train
cell_00862.png,Fluorescent,train
cell_00863.png,Fluorescent,train
cell_00864.png,Fluorescent,train
cell_00865.png,Fluorescent,train
cell_00866.png,Fluorescent,train
cell_00867.png,Fluorescent,train
cell_00868.png,Fluorescent,train
cell_00869.png,Fluorescent,train
cell_00870.png,Fluorescent,train
cell_00871.png,Fluorescent,train
cell_00872.png,Fluorescent,train
cell_00873.png,Fluorescent,train
cell_00874.png,Fluorescent,train
cell_00875.png,Fluorescent,train
cell_00876.png,Fluorescent,train
cell_00877.png,Fluorescent,train
cell_00878.png,Fluorescent,train
cell_00879.png,Fluorescent,train
cell_00880.png,Fluorescent,train
cell_00881.png,Fluorescent,train
cell_00882.png,Fluorescent,train
cell_00883.png,Fluorescent,train
cell_00884.png,Fluorescent,train
cell_00885.png,Fluorescent,train
cell_00886.png,Fluorescent,train
cell_00887.png,Fluorescent,train
cell_00888.png,Fluorescent,train
cell_00889.png,Fluorescent,train
cell_00890.png,Fluorescent,train
cell_00891.png,Fluorescent,train
cell_00892.png,Fluorescent,train
cell_00893.png,Fluorescent,train
cell_00894.png,Fluorescent,train
cell_00895.png,Fluorescent,train
cell_00896.png,Fluorescent,train
cell_00897.png,Fluorescent,train
cell_00898.png,Fluorescent,train
cell_00899.png,Fluorescent,train
cell_00900.png,Fluorescent,train
cell_00901.png,Fluorescent,train
cell_00902.png,Fluorescent,train
cell_00903.png,Fluorescent,train
cell_00904.png,Fluorescent,train
cell_00905.png,Fluorescent,train
cell_00906.png,Fluorescent,train
cell_00907.png,Fluorescent,train
cell_00908.png,Fluorescent,train
cell_00909.png,Fluorescent,train
cell_00910.png,Fluorescent,train
cell_00911.png,Fluorescent,train
cell_00912.png,Fluorescent,train
cell_00913.png,Fluorescent,train
cell_00914.png,Fluorescent,train
cell_00915.png,Fluorescent,train
cell_00916.png,Fluorescent,train
cell_00917.png,Fluorescent,train
cell_00918.png,Fluorescent,train
cell_00919.png,Fluorescent,train
cell_00920.png,Fluorescent,train
cell_00921.png,Fluorescent,train
cell_00922.png,Fluorescent,train
cell_00923.png,Fluorescent,train
cell_00924.png,Fluorescent,train
cell_00925.png,Fluorescent,train
cell_00926.png,Fluorescent,train
cell_00927.png,Fluorescent,train
cell_00928.png,Fluorescent,train
cell_00929.png,Fluorescent,train
cell_00930.png,Fluorescent,train
cell_00931.png,Fluorescent,train
cell_00932.png,Fluorescent,train
cell_00933.png,Fluorescent,train
cell_00934.png,Fluorescent,train
cell_00935.png,Fluorescent,train
cell_00936.png,Fluorescent,train
cell_00937.png,Fluorescent,train
cell_00938.png,Fluorescent,train
cell_00939.png,Fluorescent,train
cell_00940.png,Fluorescent,train
cell_00941.png,Fluorescent,train
cell_00942.png,Fluorescent,train
cell_00943.png,Fluorescent,train
cell_00944.png,Fluorescent,train
cell_00945.png,Fluorescent,train
cell_00946.png,Fluorescent,train
cell_00947.png,Fluorescent,train
cell_00948.png,Fluorescent,train
cell_00949.png,Fluorescent,train
cell_00950.png,Fluorescent,train
cell_00951.png,Fluorescent,train
cell_00952.png,Fluorescent,train
cell_00953.png,Fluorescent,train
cell_00954.png,Fluorescent,train
cell_00955.png,Fluorescent,train
cell_00956.png,Fluorescent,train
cell_00957.png,Fluorescent,train
cell_00958.png,Fluorescent,train
cell_00959.png,Fluorescent,train
cell_00960.png,Fluorescent,train
cell_00961.png,Fluorescent,train
cell_00962.png,Fluorescent,train
cell_00963.png,Fluorescent,train
cell_00964.png,Fluorescent,train
cell_00965.png,Fluorescent,train
cell_00966.png,Fluorescent,train
cell_00967.png,Fluorescent,train
cell_00968.png,Fluorescent,train
cell_00969.png,Fluorescent,train
cell_00970.png,Fluorescent,train
cell_00971.png,Fluorescent,train
cell_00972.png,Fluorescent,train
cell_00973.png,Fluorescent,train
cell_00974.png,Fluorescent,train
cell_00975.png,Fluorescent,train
cell_00976.png,Fluorescent,train
cell_00977.png,Fluorescent,train
cell_00978.png,Fluorescent,train
cell_00979.png,Fluorescent,train
cell_00980.png,Fluorescent,train
cell_00981.png,Fluorescent,train
cell_00982.png,Fluorescent,train
cell_00983.png,Fluorescent,train
cell_00984.png,Fluorescent,train
cell_00985.png,Fluorescent,train
cell_00986.png,Fluorescent,train
cell_00987.png,Fluorescent,train
cell_00988.png,Fluorescent,train
cell_00989.png,Fluorescent,train
cell_00990.png,Fluorescent,train
cell_00991.png,Fluorescent,train
cell_00992.png,Fluorescent,train
cell_00993.png,Fluorescent,train
cell_00994.png,Fluorescent,train
cell_00995.png,Fluorescent,train
cell_00996.png,Fluorescent,train
cell_00997.png,Fluorescent,train
cell_00998.png,Fluorescent,train
cell_00999.png,Fluorescent,train
cell_01000.png,Fluorescent,train
